[
  {
    "sn": 1,
    "date": "12-02-2023",
    "status": "P",
    "starttime": "9:30:00",
    "endtime": "4:30:23",
    "overtime": "6min",
    "work": "Make a landing page and submit previous task"
  },
  {
    "sn": 2,
    "date": "13-03-2023",
    "status": "P",
    "starttime": "9:30:00",
    "endtime": "4:30:23",
    "overtime": "6min",
    "work": "Make a landing page and submit previous task"
  },
  {
    "sn": 3,
    "date": "16-04-2023",
    "status": "P",
    "starttime": "9:30:00",
    "endtime": "4:30:23",
    "overtime": "6min",
    "work": "Make a landing page and submit previous task"
  },
  {
    "sn": 4,
    "date": "17-05-2023",
    "status": "P",
    "starttime": "9:30:00",
    "endtime": "4:30:23",
    "overtime": "6min",
    "work": "Make a landing page and submit previous task"
  },
  {
    "sn": 4,
    "date": "14-01-2023",
    "status": "P",
    "starttime": "9:30:00",
    "endtime": "4:30:23",
    "overtime": "6min",
    "work": "Make a landing page and submit previous task"
  }
]
