[
  {
    "title": "Perform UX Resdsfdszfearch on Edfling Home page",
    "date": "Fri 31 march",
    "time": "11:30sss PM",
    "deadline": "6 April 2023",
    "description": "Lorem Ipsum is simply dummy text of the printing and typesetting industry. Lorem Ipsum has been the industry's standard dummy text ever since the 1500s, when an unknown printer took a galley of type and scrambled it to make a type specimen book. It has survived not only five centuries, but also the leap into electronic typesetting, remaining essentially unchanged",
    "type": "Project Based Task"
  },
  {
    "title": "Perform UX Research on Edfling Home page",
    "date": "Fri 31 march",
    "time": "11:30ddd PM",
    "deadline": "6 April 2023",
    "description": "Lorem Ipsum is simply dummy text of the printing and typesetting industry. Lorem Ipsum has been the industry's standard dummy text ever since the 1500s, when an unknown printer took a galley of type and scrambled it to make a type specimen book. It has survived not only five centuries, but also the leap into electronic typesetting, remaining essentially unchanged",
    "type": "Project Based Task"
  },
  {
    "title": "Perform UX Research on Edfling Home page",
    "date": "Fri 31 march",
    "time": "11:30 PM",
    "deadline": "6 April 2023",
    "description": "Lorem Ipsum is simply dummy text of the printing and typesetting industry. Lorem Ipsum has been the industry's standard dummy text ever since the 1500s, when an unknown printer took a galley of type and scrambled it to make a type specimen book. It has survived not only five centuries, but also the leap into electronic typesetting, remaining essentially unchanged",
    "type": "Project Based Task"
  },
  {
    "title": "Perform UX Research on Edfling Home page",
    "date": "Fri 31 march",
    "time": "11:30 PM",
    "deadline": "6 April 2023",
    "description": "Lorem Ipsum is simply dummy text of the printing and typesetting industry. Lorem Ipsum has been the industry's standard dummy text ever since the 1500s, when an unknown printer took a galley of type and scrambled it to make a type specimen book. It has survived not only five centuries, but also the leap into electronic typesetting, remaining essentially unchanged",
    "type": "Project Based Task"
  },
  {
    "title": "Perform UX Research on Edfling Home page",
    "date": "Fri 31 march",
    "time": "11:30 PM",
    "deadline": "6 April 2023",
    "description": "Lorem Ipsum is simply dummy text of the printing and typesetting industry. Lorem Ipsum has been the industry's standard dummy text ever since the 1500s, when an unknown printer took a galley of type and scrambled it to make a type specimen book. It has survived not only five centuries, but also the leap into electronic typesetting, remaining essentially unchanged",
    "type": "Non Project Based Task"
  },
  {
    "title": "Perform UX Research on Edfling Home page",
    "date": "Fri 31 march",
    "time": "11:30 PM",
    "deadline": "6 April 2023",
    "description": "Lorem Ipsum is simply dummy text of the printing and typesetting industry. Lorem Ipsum has been the industry's standard dummy text ever since the 1500s, when an unknown printer took a galley of type and scrambled it to make a type specimen book. It has survived not only five centuries, but also the leap into electronic typesetting, remaining essentially unchanged",
    "type": "Non Project Based Task"
  },
  {
    "title": "Perform UX Research on Edfling Home page",
    "date": "Fri 31 march",
    "time": "11:30 PM",
    "deadline": "6 April 2023",
    "description": "Lorem Ipsum is simply dummy text of the printing and typesetting industry. Lorem Ipsum has been the industry's standard dummy text ever since the 1500s, when an unknown printer took a galley of type and scrambled it to make a type specimen book. It has survived not only five centuries, but also the leap into electronic typesetting, remaining essentially unchanged",
    "type": "Non Project Based Task"
  }
]
